Time(s),AccelX(g),AccelY(g),AccelZ(g),GyroX(deg/s),GyroY(deg/s),GyroZ(deg/s)
0,25.497,16.2974,0.00260524,14326.4,8596.02,0.566553
0.01,25.4971,16.2873,0.00261042,14326.5,8590.03,0.43495
0.02,25.4971,16.2774,0.00253347,14326.6,8584.29,0.562859
0.03,25.4971,16.2673,0.00257135,14326.8,8579.1,0.71422
0.04,25.4971,16.2575,0.00253242,14326.8,8573.38,0.643257
0.05,25.4971,16.2474,0.00257764,14326.8,8567.54,0.454425
0.06,25.4971,16.2374,0.00259972,14326.4,8562.02,0.703187
0.07,25.4971,16.2274,0.00247213,14326.6,8556.34,0.62674
0.08,25.4971,16.2174,0.00253391,14326.7,8551.17,0.461169
0.09,25.4972,16.2074,0.00258545,14326.6,8545.2,0.313339
0.1,25.4972,16.1974,0.00256868,14326.5,8539.67,0.543114
0.11,25.4971,16.1874,0.00265438,14326.8,8534.12,0.436899
0.12,25.497,16.1774,0.00256277,14326.7,8528.31,0.474337
0.13,25.4971,16.1675,0.00258823,14326.6,8522.8,0.370111
0.14,25.4971,16.1574,0.00244132,14326.5,8517.21,0.598726
0.15,25.4971,16.1473,0.00252298,14326.7,8511.29,0.692794
0.16,25.4971,16.1373,0.00256554,14327,8505.9,0.505066
0.17,25.497,16.1273,0.00248166,14326.7,8500.38,0.43872
0.18,25.497,16.1173,0.00254822,14326.9,8494.67,0.451582
0.19,25.4971,16.1074,0.00259657,14326.8,8488.75,0.551027
0.2,25.4971,16.0974,0.00250619,14326.8,8483.74,0.492545
0.21,25.4971,16.0874,0.00262146,14326.6,8477.84,0.38462
0.22,25.497,16.0773,0.00264565,14326.8,8472.28,0.554631
0.23,25.497,16.0674,0.00262323,14326.8,8466.57,0.481128
0.24,25.4971,16.0573,0.00243564,14326.4,8460.99,0.636853
0.25,25.497,16.0473,0.00252335,14326.5,8455.7,0.366067
0.26,25.497,16.0373,0.00248312,14326.6,8449.76,0.369791
0.27,25.497,16.0273,0.00255317,14326.6,8444.04,0.506565
0.28,25.497,16.0173,0.00259809,14326.7,8438.7,0.637321
0.29,25.4971,16.0073,0.00249874,14326.6,8432.7,0.361566
0.3,25.4971,15.9973,0.00249478,14326.9,8427.5,0.486684
0.31,25.4969,15.9874,0.00260425,14326.7,8421.76,0.442865
0.32,25.497,15.9773,0.00246915,14326.6,8415.52,0.553082
0.33,25.4972,15.9674,0.00262581,14326.6,8410.5,0.438196
0.34,25.497,15.9573,0.00250046,14326.6,8404.48,0.527323
0.35,25.497,15.9473,0.00250944,14326.6,8399.24,0.598245
0.36,25.497,15.9373,0.00248934,14326.5,8393.55,0.443557
0.37,25.4971,15.9273,0.00254353,14326.4,8387.72,0.196396
0.38,25.497,15.9173,0.00257987,14326.6,8382.08,0.0880321
0.39,25.497,15.9074,0.00259859,14326.2,8376.59,0.534932
0.4,25.4971,15.8972,0.00246727,14326.6,8371.08,0.320256
0.41,25.4971,15.8874,0.00260738,14326.6,8365.61,0.348238
0.42,25.497,15.8773,0.00252149,14326.6,8359.85,0.28173
0.43,25.4971,15.8673,0.00256779,14326.6,8354.01,0.28542
0.44,25.497,15.8574,0.00260713,14326.5,8348.59,0.314202
0.45,25.4971,15.8474,0.00252366,14326.4,8343.08,0.348912
0.46,25.497,15.8374,0.00240836,14326.7,8337.4,0.503388
0.47,25.497,15.8273,0.0025212,14326.6,8331.72,0.550134
0.48,25.4971,15.8174,0.00255392,14326.8,8326.29,0.313952
0.49,25.4971,15.8074,0.00256191,14326.9,8320.41,0.429858
0.5,25.497,15.7973,0.00253639,14326.4,8314.79,0.853256
0.51,25.4971,15.7874,0.00249627,14326.6,8309.23,0.530904
0.52,25.497,15.7773,0.00252392,14326.7,8303.67,0.547185
0.53,25.497,15.7673,0.00256993,14326.8,8298.34,0.539426
0.54,25.497,15.7574,0.00248066,14326.9,8292.28,0.327403
0.55,25.497,15.7473,0.00259153,14326.8,8286.38,0.713806
0.56,25.497,15.7374,0.00244428,14326.2,8281.08,0.238142
0.57,25.4969,15.7272,0.00260007,14326.8,8275.42,0.286565
0.58,25.4969,15.7173,0.00253732,14326.4,8270.17,0.495053
0.59,25.497,15.7074,0.00248759,14326.7,8264.11,0.377884
0.6,25.4969,15.6973,0.00249831,14326.6,8258.59,0.567879
0.61,25.4969,15.6873,0.00262286,14326.4,8253.13,0.832572
0.62,25.4971,15.6773,0.00256282,14326.3,8247.42,0.513974
0.63,25.497,15.6673,0.00263652,14326.8,8241.76,0.298725
0.64,25.497,15.6572,0.00256975,14326.5,8236.15,0.400154
0.65,25.4971,15.6474,0.00254796,14326.4,8230.56,0.406271
0.66,25.4969,15.6373,0.00256181,14326.6,8224.91,0.364173
0.67,25.497,15.6273,0.00267128,14326.5,8219.35,0.346297
0.68,25.4971,15.6173,0.00250446,14326.5,8213.71,0.749106
0.69,25.4971,15.6074,0.00261364,14326.5,8208.33,0.304311
0.7,25.497,15.5972,0.00252135,14326.9,8202.68,0.451221
0.71,25.497,15.5874,0.00259387,14326.6,8196.93,0.514684
0.72,25.497,15.5773,0.00251318,14326.4,8191.53,0.225666
0.73,25.4971,15.5674,0.0024839,14326.8,8185.98,0.660103
0.74,25.497,15.5572,0.00254549,14326.7,8180.07,0.482714
0.75,25.497,15.5473,0.0024954,14326.7,8174.45,0.555104
0.76,25.497,15.5373,0.00250856,14326.4,8168.93,0.545999
0.77,25.497,15.5272,0.00253911,14326.4,8163.03,0.465866
0.78,25.497,15.5173,0.00263364,14326.5,8157.55,0.594598
0.79,25.497,15.5073,0.00261648,14326.7,8151.92,0.564815
0.8,25.497,15.4973,0.0025145,14326.7,8146.44,0.562249
0.81,25.497,15.4873,0.00251086,14326.7,8140.91,0.639579
0.82,25.497,15.4773,0.0024271,14326.8,8134.95,0.518526
0.83,25.4969,15.4673,0.00257793,14326.4,8129.59,0.498966
0.84,25.497,15.4573,0.00254575,14326.6,8123.6,0.433017
0.85,25.497,15.4473,0.00261509,14326.9,8118,0.738622
0.86,25.497,15.4373,0.00255941,14326.6,8112.31,0.598431
0.87,25.497,15.4273,0.00255046,14326.7,8106.71,0.505233
0.88,25.4969,15.4173,0.00257706,14326.7,8101.27,0.626331
0.89,25.4969,15.4073,0.00264007,14326.4,8095.87,0.681243
0.9,25.497,15.3974,0.00251833,14326.9,8089.92,0.223563
0.91,25.497,15.3874,0.00254731,14326.3,8084.45,0.530348
0.92,25.4969,15.3773,0.00249727,14326.4,8079.06,0.57887
0.93,25.4969,15.3673,0.00257001,14326.4,8073.17,0.284741
0.94,25.4969,15.3573,0.00256085,14327,8067.95,0.520854
0.95,25.497,15.3473,0.00249005,14326.3,8062.04,0.521446
0.96,25.497,15.3373,0.00258268,14326.5,8056.66,0.417248
0.97,25.497,15.3273,0.00256968,14326.6,8050.61,0.515383
0.98,25.4969,15.3173,0.00265588,14326.3,8045.05,0.511071
0.99,25.4971,15.3072,0.00255868,14326.8,8039.06,0.40553
1,25.497,15.2972,0.00257282,14326.8,8033.85,0.585016
1.01,25.497,15.2874,0.00255198,14326.5,8028.25,0.382627
1.02,25.497,15.2773,0.00252102,14326.6,8022.57,0.324592
1.03,25.497,15.2672,0.00255195,14326.4,8016.98,0.61047
1.04,25.4969,15.2573,0.00256164,14326.5,8011.45,0.589124
1.05,25.497,15.2473,0.00264521,14326.6,8006,0.345738
1.06,25.497,15.2374,0.00258688,14326.5,8000.26,0.504792
1.07,25.4969,15.2272,0.00256854,14326.7,7994.8,0.43981
1.08,25.497,15.2173,0.00261193,14326.9,7989.04,0.383223
1.09,25.4969,15.2073,0.00263874,14326.5,7983.15,0.70792
1.1,25.497,15.1973,0.00265391,14326.5,7977.61,0.319335
1.11,25.497,15.1873,0.00262944,14326.5,7972.13,0.353848
1.12,25.497,15.1772,0.00249349,14326.7,7966.2,0.471495
1.13,25.497,15.1672,0.00253928,14326.4,7961.06,0.384548
1.14,25.4969,15.1573,0.00255869,14326.4,7955.45,0.602293
1.15,25.4969,15.1473,0.00252481,14326.4,7949.48,0.691703
1.16,25.497,15.1373,0.00248334,14326.5,7943.84,0.53757
1.17,25.4969,15.1272,0.00254032,14326.5,7938.27,0.0230048
1.18,25.4969,15.1172,0.00251632,14326.4,7932.93,0.699621
1.19,25.497,15.1072,0.00256399,14326.7,7927.19,0.654786
1.2,25.4971,15.0973,0.00256815,14326.6,7921.67,0.678871
1.21,25.4969,15.0873,0.00251102,14326.2,7915.79,0.210487
1.22,25.497,15.0773,0.00251275,14326.6,7910.09,0.658731
1.23,25.4969,15.0672,0.00256794,14326.5,7904.48,0.470536
1.24,25.497,15.0574,0.00255829,14326.5,7899.18,0.553665
1.25,25.497,15.0473,0.00257949,14326.7,7893.49,0.254766
1.26,25.4969,15.0372,0.00251537,14326.5,7887.75,0.440614
1.27,25.497,15.0273,0.00257305,14326.8,7882.17,0.407817
1.28,25.4969,15.0172,0.00257063,14326.5,7876.73,0.521191
1.29,25.4969,15.0072,0.00255132,14326.5,7870.87,0.372202
1.3,25.497,14.9973,0.00262826,14326.8,7865.3,0.448446
1.31,25.4969,14.9872,0.00271588,14326.4,7860,0.555773
1.32,25.4969,14.9773,0.00258255,14326.6,7854.28,0.150153
1.33,25.4969,14.9673,0.00258253,14326.6,7848.2,0.748342
1.34,25.497,14.9573,0.00244239,14326.5,7842.78,0.46124
1.35,25.4969,14.9473,0.00263934,14326.6,7836.99,0.222096
1.36,25.4969,14.9371,0.00260152,14326.8,7831.77,0.544091
1.37,25.497,14.9272,0.00260545,14326.6,7825.75,0.24112
1.38,25.4968,14.9173,0.00260956,14326.5,7820.78,0.492436
1.39,25.4969,14.9072,0.00247994,14326.6,7814.88,0.413933
1.4,25.497,14.8972,0.00254547,14326.6,7809.44,0.37377
1.41,25.497,14.8873,0.00248202,14326.5,7803.78,0.54842
1.42,25.4969,14.8773,0.00245702,14326.7,7797.9,0.772459
1.43,25.4971,14.8673,0.00253309,14326.5,7792.38,0.615592
1.44,25.4969,14.8572,0.0024794,14326.4,7786.61,0.427808
1.45,25.4969,14.8473,0.00249157,14326.4,7780.68,0.514577
1.46,25.4969,14.8373,0.00256026,14326.5,7775.42,0.569979
1.47,25.4968,14.8272,0.00243009,14326.6,7770,0.313627
1.48,25.4969,14.8173,0.00258774,14326.5,7763.51,0.55425
1.49,25.4969,14.8073,0.00254144,14326.7,7758.66,0.856452
1.5,25.4969,14.7973,0.00252048,14326.4,7752.93,0.229244
1.51,25.4969,14.7873,0.00254422,14326.9,7747.22,0.650376
1.52,25.4969,14.7773,0.00261459,14326.6,7741.76,0.693625
1.53,25.4968,14.7672,0.0025647,14326.7,7735.94,0.421821
1.54,25.497,14.7572,0.00255249,14326.5,7730.71,0.693662
1.55,25.497,14.7472,0.00256829,14326.3,7724.92,0.414577
1.56,25.4969,14.7372,0.00255983,14326.3,7719.03,0.320519
1.57,25.4969,14.7272,0.00252276,14326.8,7713.67,0.399501
1.58,25.4968,14.7173,0.00259238,14326.7,7708.15,0.781949
1.59,25.4969,14.7072,0.00254189,14326.1,7702.32,0.453033
1.6,25.497,14.6973,0.0024758,14326.6,7696.67,0.498999
1.61,25.4969,14.6872,0.00266305,14326.4,7690.84,0.89701
1.62,25.4969,14.6773,0.00254778,14326.5,7685.61,0.47447
1.63,25.4969,14.6672,0.00260521,14326.8,7679.69,0.716376
1.64,25.4969,14.6572,0.0025428,14326.5,7674.27,0.413971
1.65,25.4969,14.6472,0.00260545,14326.6,7668.53,0.522845
1.66,25.4969,14.6372,0.00251855,14326.4,7662.87,0.29308
1.67,25.497,14.6272,0.00252719,14326.7,7657.44,0.697495
1.68,25.4969,14.6172,0.00253914,14326.5,7651.97,0.523207
1.69,25.4968,14.6072,0.00255937,14326.8,7646.07,0.714793
1.7,25.4968,14.5972,0.00256319,14326.7,7640.8,0.496786
1.71,25.497,14.5872,0.00253112,14326.6,7634.86,0.431009
1.72,25.4969,14.5773,0.00255204,14326.3,7629.36,0.576119
1.73,25.4969,14.5672,0.00254551,14326.7,7623.58,0.216201
1.74,25.4969,14.5573,0.0025291,14326.6,7617.96,0.577022
1.75,25.4969,14.5472,0.00249215,14326.5,7612.35,0.836637
1.76,25.4969,14.5372,0.00264033,14326.5,7606.86,0.372732
1.77,25.4969,14.5272,0.0025423,14326.5,7601.18,0.640687
1.78,25.4969,14.5172,0.00259319,14326.6,7595.53,0.429838
1.79,25.497,14.5071,0.00251379,14326.6,7589.7,0.479762
1.8,25.4968,14.4972,0.00254023,14326.3,7584.23,0.614718
1.81,25.4969,14.4872,0.0025426,14326.5,7578.59,0.394553
1.82,25.4968,14.4773,0.00249817,14326.6,7573,0.652019
1.83,25.4969,14.4672,0.00260227,14326.3,7567.55,1.06275
1.84,25.4969,14.4572,0.00256502,14326.4,7561.78,0.265521
1.85,25.4969,14.4471,0.00254089,14326.7,7556.33,0.494831
1.86,25.4969,14.4371,0.00263541,14326.7,7550.79,0.414123
1.87,25.4968,14.4272,0.00258978,14326.4,7544.94,0.580045
1.88,25.4969,14.4172,0.00252827,14326.8,7539.48,0.544983
1.89,25.4968,14.4071,0.00250971,14326.4,7533.63,0.394947
1.9,25.4969,14.3972,0.00255497,14326.7,7528.28,0.254189
1.91,25.4969,14.3872,0.00249928,14326.7,7522.47,0.312352
1.92,25.4969,14.3772,0.0024405,14326.5,7516.98,0.721982
1.93,25.4969,14.3672,0.00250535,14326.3,7511.49,0.456981
1.94,25.4968,14.3573,0.00255537,14326.4,7505.75,0.682419
1.95,25.4969,14.3473,0.00260438,14326.3,7500.17,0.452312
1.96,25.497,14.3372,0.00250868,14326.5,7494.46,0.454686
1.97,25.4969,14.3272,0.00253869,14326.2,7488.85,0.281671
1.98,25.4969,14.3171,0.00256709,14326.9,7483.06,0.210949
1.99,25.4969,14.3072,0.00250264,14326.7,7477.6,0.616799
2,25.4969,14.2971,0.00251158,14326.6,7471.95,0.553434
2.01,25.4969,14.2873,0.00250894,14326.5,7466.24,0.743203
2.02,25.4969,14.2772,0.00255878,14326.5,7460.71,0.648867
2.03,25.4969,14.2672,0.00247597,14326.6,7455.21,0.390372
2.04,25.4969,14.2572,0.00257812,14326.5,7449.73,0.483475
2.05,25.4969,14.2472,0.00241258,14326.9,7443.78,0.43583
2.06,25.4969,14.2372,0.00249471,14326.6,7438.32,0.451023
2.07,25.4969,14.2272,0.00247861,14326.4,7432.61,0.177706
2.08,25.4969,14.2171,0.00255889,14326.5,7426.64,0.455951
2.09,25.4968,14.2072,0.00262293,14326.6,7421.59,0.360058
2.1,25.4969,14.1972,0.0025802,14326.3,7415.58,0.714004
2.11,25.4968,14.1872,0.00243299,14326.6,7410.26,0.424723
2.12,25.4968,14.1771,0.00249525,14326.6,7404.8,0.499802
2.13,25.4969,14.1672,0.00254428,14326.4,7398.84,0.446107
2.14,25.4968,14.1572,0.00257157,14326.8,7393.4,1.078
2.15,25.4968,14.1472,0.00260146,14326.3,7387.79,0.814711
2.16,25.4969,14.1371,0.00258688,14326.6,7381.88,0.435847
2.17,25.4969,14.1273,0.00253191,14326.8,7376.49,0.295748
2.18,25.4968,14.1172,0.00255866,14326.5,7370.66,0.611717
2.19,25.4969,14.1072,0.00258433,14326.7,7364.99,0.379135
2.2,25.4968,14.0972,0.00256336,14326.5,7359.43,0.632467
2.21,25.4968,14.0872,0.00257422,14326.5,7353.88,0.662271
2.22,25.4968,14.0771,0.00256446,14326.5,7348.25,0.59754
2.23,25.4969,14.0672,0.00246524,14326.4,7342.46,0.529674
2.24,25.4968,14.0572,0.00258479,14326.4,7337.34,0.719337
2.25,25.4968,14.0473,0.00249107,14326.4,7331.82,0.474367
2.26,25.4969,14.0371,0.00251499,14326.6,7325.77,0.460577
2.27,25.4968,14.0272,0.00257452,14326.5,7320.17,0.419069
2.28,25.4969,14.0172,0.00249295,14326.4,7314.46,0.527282
2.29,25.4968,14.0071,0.00253523,14326.3,7308.65,0.691496
2.3,25.4968,13.9972,0.00252201,14326.6,7303.59,0.442194
2.31,25.4968,13.9872,0.00256169,14326.6,7297.8,0.502521
2.32,25.4968,13.9771,0.00251119,14326.6,7292.22,0.187198
2.33,25.4968,13.9672,0.0024956,14326.6,7286.63,0.766518
2.34,25.4969,13.9571,0.00254567,14326.6,7280.85,0.51368
2.35,25.4969,13.9471,0.00252861,14326.4,7275.27,0.36692
2.36,25.4969,13.9372,0.00256174,14326.7,7269.6,0.620468
2.37,25.4969,13.9271,0.00257038,14326.5,7264.2,0.579238
2.38,25.4968,13.9171,0.00250529,14326.6,7258.27,0.434592
2.39,25.4968,13.9072,0.0025321,14326.7,7252.5,0.75842
2.4,25.4967,13.8972,0.00262014,14326.4,7247.17,0.535851
2.41,25.4968,13.8871,0.00251222,14326.6,7241.59,0.674851
2.42,25.4968,13.8772,0.00252018,14326.3,7235.84,0.372191
2.43,25.4968,13.8672,0.00252548,14326.4,7230.05,0.368061
2.44,25.4968,13.8572,0.00263502,14326.4,7224.44,0.638804
2.45,25.4968,13.8472,0.00240715,14326.6,7219.09,0.531394
2.46,25.4969,13.8372,0.00256114,14326.3,7213.37,0.288974
2.47,25.4968,13.8272,0.00251246,14326.2,7208.02,0.601622
2.48,25.4968,13.8171,0.00250404,14326.7,7202.4,0.531703
2.49,25.4968,13.8071,0.00253367,14326.5,7196.44,0.56534
2.5,25.4969,13.7972,0.00253356,14326.4,7191.09,0.535201
2.51,25.4968,13.7872,0.00257038,14326.4,7185.52,0.637902
2.52,25.4968,13.7772,0.00254356,14326.3,7179.48,0.792294
2.53,25.4968,13.7672,0.00254531,14326.5,7173.94,0.826334
2.54,25.4968,13.7572,0.00257861,14326.4,7168.38,0.222559
2.55,25.4968,13.7471,0.00249332,14326.5,7162.84,0.551817
2.56,25.4968,13.7372,0.00254985,14326.3,7157.36,0.790332
2.57,25.4969,13.7271,0.00261297,14326.9,7151.42,0.612237
2.58,25.4968,13.7172,0.00255982,14326.7,7146,0.740485
2.59,25.4967,13.7071,0.00260548,14326.5,7140.38,0.682618
2.6,25.4968,13.6972,0.00254617,14326.3,7134.68,0.598973
2.61,25.4968,13.6871,0.00259376,14326.2,7129.28,0.589428
2.62,25.4969,13.6771,0.00253003,14326.5,7123.62,0.320425
2.63,25.4968,13.6671,0.00255793,14326.8,7117.86,0.606324
2.64,25.4968,13.6571,0.00252033,14326.5,7112.26,0.590376
2.65,25.4968,13.6471,0.00260874,14326.5,7106.69,0.746472
2.66,25.4968,13.6371,0.00254639,14326.6,7101.04,0.721932
2.67,25.4967,13.6271,0.00263553,14326.3,7095.76,0.624471
2.68,25.4968,13.6172,0.00251434,14326.5,7089.97,0.310512
2.69,25.4968,13.6072,0.00253224,14326.7,7084.02,0.54779
2.7,25.4968,13.5972,0.00254442,14326.4,7078.73,0.362916
2.71,25.4968,13.587,0.00262415,14326.6,7072.95,0.137121
2.72,25.4968,13.5771,0.00250027,14326.2,7067.19,0.657493
2.73,25.4969,13.5671,0.00249259,14326.6,7061.54,0.0295634
2.74,25.4968,13.5572,0.0024652,14326.7,7056.16,0.771904
2.75,25.4968,13.5471,0.00253597,14326.4,7050.55,0.58489
2.76,25.4967,13.537,0.00251097,14326.5,7044.74,0.936289
2.77,25.4968,13.5271,0.00244807,14326.6,7039.35,0.271764
2.78,25.4967,13.5171,0.00246357,14326.3,7033.63,0.666786
2.79,25.4968,13.5071,0.00260196,14326.5,7027.82,0.386535
2.8,25.4968,13.497,0.00245564,14326.4,7022.6,0.239435
2.81,25.4968,13.4872,0.00256528,14326.5,7016.89,0.57853
2.82,25.4969,13.477,0.00251426,14326.3,7011.1,0.502249
2.83,25.4968,13.4671,0.00252522,14326.7,7005.44,0.552966
2.84,25.4969,13.4572,0.00254088,14326.7,7000.09,0.52367
2.85,25.4968,13.4471,0.00255813,14326.7,6994.29,0.572516
2.86,25.4968,13.4371,0.00261965,14326.5,6988.93,0.234179
2.87,25.4967,13.4271,0.00253429,14326.6,6983.06,0.240363
2.88,25.4968,13.4171,0.00261489,14326.5,6977.25,0.686936
2.89,25.4967,13.4071,0.00253089,14326.5,6971.61,0.434828
2.9,25.4968,13.397,0.00254204,14326.1,6966.47,0.382524
2.91,25.4968,13.3871,0.00265936,14326.3,6960.79,0.605186
2.92,25.4968,13.3771,0.00257925,14326.5,6954.9,0.652717
2.93,25.4968,13.367,0.00264774,14326.5,6949.14,0.542379
2.94,25.4968,13.3571,0.0025076,14326.4,6943.55,0.592018
2.95,25.4968,13.3471,0.00243405,14326.6,6937.94,0.643867
2.96,25.4968,13.3371,0.00260791,14326.3,6932.35,0.435881
2.97,25.4968,13.3271,0.00254386,14326.5,6926.81,0.563936
2.98,25.4968,13.317,0.00261575,14326.4,6921.39,0.294669
2.99,25.4968,13.3072,0.00258378,14326.5,6915.76,0.675529
3,25.4967,13.2971,0.00255561,14326.2,6910.15,0.268108
3.01,25.4967,13.2871,0.0025402,14326.2,6904.24,0.452791
3.02,25.4967,13.2771,0.00255889,14326.4,6898.58,0.607071
3.03,25.4969,13.2671,0.0025862,14326.5,6893.11,0.311324
3.04,25.4968,13.257,0.00254064,14326.4,6887.39,0.647684
3.05,25.4969,13.2471,0.0025317,14326.3,6881.63,0.641828
3.06,25.4968,13.2371,0.00255294,14326.4,6876.18,0.332361
3.07,25.4968,13.2271,0.00247063,14326.3,6870.59,0.72174
3.08,25.4968,13.2171,0.00257531,14326.7,6864.99,0.486965
3.09,25.4967,13.2071,0.00252085,14326.4,6859.3,0.446836
3.1,25.4967,13.1971,0.00250158,14326.4,6854.12,0.628518
3.11,25.4967,13.187,0.00256385,14326.5,6847.95,0.486268
3.12,25.4968,13.177,0.00248688,14326.4,6842.72,0.426521
3.13,25.4968,13.167,0.00263986,14326.4,6836.83,0.379409
3.14,25.4967,13.1571,0.00260589,14326.5,6831.35,0.473638
3.15,25.4967,13.1471,0.00250391,14326.5,6825.48,0.40016
3.16,25.4968,13.1371,0.00255567,14326.3,6820.05,0.572094
3.17,25.4968,13.1271,0.0025225,14326.3,6814.24,0.533938
3.18,25.4967,13.1171,0.00253863,14326.7,6808.79,0.303353
3.19,25.4968,13.1071,0.00251852,14326.3,6803.07,0.124079
3.2,25.4968,13.097,0.00258477,14326.3,6797.92,0.418235
3.21,25.4967,13.087,0.00256437,14326.5,6791.93,0.462055
3.22,25.4966,13.077,0.00255524,14326.3,6786.37,0.540154
3.23,25.4968,13.0671,0.00256347,14326.5,6780.47,0.75119
3.24,25.4967,13.0571,0.00262585,14326.3,6775.19,0.311035
3.25,25.4967,13.0471,0.00248618,14326.4,6769.33,0.509584
3.26,25.4968,13.0371,0.00254933,14326.7,6763.87,0.231613
3.27,25.4967,13.027,0.00258688,14326.9,6758.38,0.778264
3.28,25.4968,13.017,0.00245926,14326.6,6752.99,0.588068
3.29,25.4967,13.0071,0.00258367,14326.3,6747.22,0.323535
3.3,25.4967,12.997,0.00248811,14326.5,6741.48,0.196893
3.31,25.4967,12.987,0.00257715,14326.6,6735.59,0.748595
3.32,25.4967,12.977,0.00250787,14326.5,6730.31,0.7993
3.33,25.4967,12.9671,0.00262033,14326.1,6724.65,0.656907
3.34,25.4968,12.9571,0.00256388,14326.5,6718.7,0.589813
3.35,25.4967,12.947,0.00263784,14326.5,6713.37,0.680093
3.36,25.4967,12.9371,0.00250609,14326.4,6707.68,0.431383
3.37,25.4968,12.9271,0.00257628,14326.3,6702.22,0.434465
3.38,25.4967,12.9171,0.00249377,14326.7,6696.53,0.525328
3.39,25.4967,12.9071,0.00253295,14326.7,6690.85,0.524809
3.4,25.4968,12.8971,0.00263115,14326.3,6685.66,0.457497
3.41,25.4967,12.887,0.00264929,14326.8,6679.3,0.134218
3.42,25.4967,12.877,0.00256514,14326.4,6673.87,0.432034
3.43,25.4967,12.867,0.00252591,14326.4,6668.4,0.44514
3.44,25.4967,12.857,0.00252654,14326.5,6662.89,0.725077
3.45,25.4968,12.847,0.00260316,14326.4,6657.33,0.634852
3.46,25.4967,12.8371,0.00256273,14326.7,6651.9,0.191468
3.47,25.4968,12.827,0.00250721,14326.6,6646.12,0.49232
3.48,25.4967,12.817,0.00255036,14326.4,6640.39,0.324064
3.49,25.4966,12.8071,0.00248255,14326.4,6634.47,0.539158
3.5,25.4968,12.7971,0.00251436,14326.6,6629.04,0.744256
3.51,25.4967,12.7869,0.0025461,14326.7,6623.31,0.665397
3.52,25.4967,12.7771,0.00244894,14326.4,6617.87,0.388768
3.53,25.4968,12.767,0.00260444,14326.6,6612.4,0.515396
3.54,25.4966,12.757,0.00251031,14326.2,6606.61,0.470191
3.55,25.4968,12.7471,0.00258099,14326.3,6600.99,0.623351
3.56,25.4967,12.737,0.00248289,14326.5,6595.26,0.396867
3.57,25.4967,12.727,0.00252614,14326.2,6589.73,0.481121
3.58,25.4967,12.717,0.00259198,14326.5,6584.07,0.428384
3.59,25.4968,12.707,0.00248915,14326.4,6578.43,0.362273
3.6,25.4968,12.697,0.00252218,14326.5,6572.59,0.564422
3.61,25.4967,12.6871,0.00257615,14326.5,6567.17,0.493203
3.62,25.4968,12.677,0.00258123,14326.3,6561.6,0.415504
3.63,25.4967,12.6671,0.00256196,14326.2,6556.03,0.594049
3.64,25.4967,12.657,0.00254106,14326.3,6550.65,0.442133
3.65,25.4967,12.647,0.00253582,14326.4,6544.82,0.581751
3.66,25.4967,12.637,0.00256817,14326.6,6539.15,0.662145
3.67,25.4967,12.627,0.00249847,14326.5,6533.39,0.376314
3.68,25.4967,12.6171,0.00252412,14326.6,6527.84,0.802304
3.69,25.4967,12.6071,0.00251153,14326.5,6521.84,0.699886
3.7,25.4967,12.597,0.00261682,14326.5,6516.48,0.271258
3.71,25.4967,12.5871,0.00246503,14326.8,6511.12,0.477906
3.72,25.4967,12.577,0.00251575,14326.3,6505.28,0.465154
3.73,25.4967,12.567,0.00260556,14326.3,6500.05,0.781397
3.74,25.4968,12.5571,0.0024916,14326.4,6494.24,0.826403
3.75,25.4967,12.5471,0.00259843,14326.6,6488.7,0.713324
3.76,25.4967,12.5369,0.00265417,14326.3,6482.93,0.619084
3.77,25.4967,12.527,0.00255541,14326.2,6477.35,0.530116
3.78,25.4967,12.517,0.00256856,14326.3,6471.76,0.56123
3.79,25.4967,12.507,0.00257581,14326.3,6466.07,0.926587
3.8,25.4967,12.497,0.00260333,14326.3,6460.64,0.40425
3.81,25.4967,12.4869,0.00246987,14326.4,6454.79,0.869959
3.82,25.4967,12.477,0.00260906,14326.3,6449.07,0.498851
3.83,25.4966,12.467,0.00246524,14326.2,6443.38,0.245897
3.84,25.4966,12.457,0.00256404,14326.5,6437.8,0.290125
3.85,25.4966,12.447,0.00256213,14326.6,6432.45,0.337136
3.86,25.4967,12.437,0.00256922,14326.2,6426.83,0.318066
3.87,25.4967,12.427,0.00259307,14326.6,6421.18,0.708428
3.88,25.4967,12.417,0.00265126,14326,6415.4,0.493554
3.89,25.4967,12.4069,0.00254149,14326.4,6409.91,0.50188
3.9,25.4967,12.397,0.00253832,14326.4,6404.24,0.576658
3.91,25.4968,12.387,0.00245955,14326.2,6398.67,0.667974
3.92,25.4966,12.377,0.00263886,14326.4,6393.32,0.311811
3.93,25.4967,12.367,0.00253473,14326.7,6387.32,0.489095
3.94,25.4966,12.357,0.00260308,14326.1,6382.13,0.412978
3.95,25.4967,12.347,0.00249707,14326.6,6376.11,0.564523
3.96,25.4966,12.337,0.00255238,14326.3,6370.55,0.405594
3.97,25.4966,12.3269,0.00259269,14326.4,6364.85,0.13799
3.98,25.4966,12.317,0.00252011,14326.3,6359.31,0.800044
3.99,25.4967,12.3071,0.00251974,14326.6,6353.59,0.473834
4,25.4967,12.297,0.00256654,14326.7,6348.12,0.473088
4.01,25.4967,12.287,0.00261188,14326.5,6342.33,0.301837
4.02,25.4967,12.277,0.00250928,14326.4,6336.97,0.60436
4.03,25.4966,12.267,0.00254305,14326.6,6331.22,0.290809
4.04,25.4967,12.2569,0.00257878,14326.4,6325.76,0.521843
4.05,25.4967,12.247,0.00247352,14326.4,6319.9,0.740664
4.06,25.4967,12.237,0.00251184,14326.5,6314.24,0.547387
4.07,25.4967,12.2269,0.0024603,14326.4,6308.59,0.528159
4.08,25.4966,12.2169,0.00259492,14326.3,6303.04,0.15912
4.09,25.4966,12.2069,0.00248314,14326.4,6297.37,0.480693
4.1,25.4968,12.1971,0.00255378,14326.4,6292.01,0.367097
4.11,25.4966,12.187,0.0025138,14326,6285.97,0.532086
4.12,25.4966,12.1769,0.00261394,14326.5,6280.79,0.322225
4.13,25.4967,12.167,0.00255692,14326.3,6274.98,0.653647
4.14,25.4968,12.157,0.00256472,14326.3,6269.2,0.482536
4.15,25.4967,12.147,0.00250019,14326.1,6263.83,0.660468
4.16,25.4966,12.137,0.00257295,14326.5,6257.99,0.34898
4.17,25.4966,12.1271,0.0026048,14326.5,6252.55,0.427432
4.18,25.4967,12.117,0.00256065,14326.6,6246.86,0.552339
4.19,25.4967,12.1069,0.00256936,14326.6,6241.25,0.438617
4.2,25.4968,12.097,0.00249369,14325.9,6235.67,0.87392
4.21,25.4967,12.0869,0.00256999,14326.7,6230.09,0.595707
4.22,25.4966,12.0769,0.00256943,14326.2,6224.36,0.421805
4.23,25.4966,12.0669,0.00251438,14326.4,6218.81,0.477758
4.24,25.4966,12.057,0.00258764,14326.5,6213.59,0.450457
4.25,25.4967,12.047,0.00264372,14326.4,6207.38,0.675155
4.26,25.4966,12.037,0.00251511,14326.3,6202.18,0.592764
4.27,25.4966,12.0271,0.00260003,14326.2,6196.28,0.678584
4.28,25.4966,12.0169,0.00259131,14326.2,6190.82,0.362809
4.29,25.4967,12.0069,0.00254833,14326.4,6185.21,0.508188
4.3,25.4966,11.997,0.00249775,14326.6,6179.68,0.70064
4.31,25.4967,11.9871,0.00252398,14326.4,6173.86,0.295839
4.32,25.4966,11.9769,0.00247354,14326.6,6168.35,0.786272
4.33,25.4967,11.9669,0.00252475,14326.5,6162.58,0.580528
4.34,25.4966,11.9569,0.00255271,14326.3,6157.11,0.783552
4.35,25.4967,11.9469,0.00258884,14326,6151.64,0.244589
4.36,25.4966,11.937,0.00256275,14326.4,6145.76,0.0120727
4.37,25.4965,11.9269,0.00259654,14326.4,6140.26,0.564385
4.38,25.4967,11.917,0.00260619,14326.3,6134.36,0.227886
4.39,25.4967,11.907,0.00260735,14326.1,6129.24,0.708312
4.4,25.4966,11.8969,0.00262964,14326.3,6123.34,0.683667
4.41,25.4967,11.887,0.00255756,14326.3,6117.58,0.100786
4.42,25.4967,11.8769,0.00247469,14326.6,6112.14,0.301108
4.43,25.4966,11.8671,0.00252122,14326.4,6106.46,0.767534
4.44,25.4967,11.857,0.00254018,14326.2,6100.78,0.39619
4.45,25.4966,11.8469,0.00252474,14326.4,6095.06,0.342905
4.46,25.4967,11.8369,0.00258221,14326.8,6089.65,0.517084
4.47,25.4966,11.8269,0.00256032,14326.2,6084,0.437445
4.48,25.4967,11.817,0.00259775,14326.5,6078.33,0.753722
4.49,25.4966,11.807,0.0024857,14326,6072.6,0.44526
4.5,25.4965,11.797,0.00264076,14326.8,6067.36,0.231415
4.51,25.4967,11.787,0.00259012,14326.6,6061.4,0.544216
4.52,25.4966,11.7769,0.00265279,14326.3,6055.79,0.528342
4.53,25.4966,11.7669,0.0024873,14326.6,6050.21,0.324306
4.54,25.4966,11.7569,0.00255329,14326.4,6044.97,0.640744
4.55,25.4966,11.7469,0.00250873,14326.1,6038.86,0.60008
4.56,25.4967,11.737,0.00260002,14326.7,6033.23,0.374214
4.57,25.4966,11.7269,0.00253335,14326.3,6027.83,0.812958
4.58,25.4967,11.7169,0.00247523,14326.1,6021.87,0.388679
4.59,25.4965,11.707,0.00259053,14326.5,6016.58,0.805279
4.6,25.4967,11.6969,0.00257487,14326.4,6010.89,0.302775
4.61,25.4966,11.6869,0.00264534,14326.3,6005.06,0.550159
4.62,25.4966,11.677,0.00249216,14326.5,5999.6,0.812311
4.63,25.4965,11.6669,0.00257324,14326.1,5993.93,0.444526
4.64,25.4966,11.6569,0.0025584,14326.4,5988.4,0.509758
4.65,25.4966,11.6469,0.00255711,14326.3,5982.99,0.495441
4.66,25.4966,11.6369,0.00250762,14326.4,5977.1,0.851006
4.67,25.4966,11.627,0.00252119,14326.4,5971.49,0.566045
4.68,25.4966,11.617,0.00254218,14326.4,5965.92,0.567054
4.69,25.4966,11.6069,0.00254618,14326.5,5960.3,0.653525
4.7,25.4966,11.5969,0.00247758,14326.4,5954.8,0.494892
4.71,25.4965,11.5869,0.00252342,14326.3,5949.14,0.567554
4.72,25.4965,11.577,0.00253598,14326.3,5943.41,0.323672
4.73,25.4965,11.5668,0.00248168,14326.5,5937.82,0.551361
4.74,25.4965,11.5568,0.00265191,14326.2,5931.83,0.652292
4.75,25.4966,11.5469,0.00267585,14326.3,5926.71,0.443672
4.76,25.4965,11.5369,0.0026076,14326.8,5920.96,0.429311
4.77,25.4966,11.527,0.00252342,14326.4,5915.69,0.38865
4.78,25.4967,11.5169,0.00251657,14326.1,5909.63,0.67022
4.79,25.4966,11.507,0.00252325,14326.1,5904.36,0.605109
4.8,25.4967,11.4969,0.00241583,14326.3,5898.87,0.198911
4.81,25.4966,11.4869,0.00252339,14326.4,5892.54,0.325888
4.82,25.4967,11.4769,0.00259566,14326,5887.36,0.437705
4.83,25.4965,11.4669,0.00252176,14326.3,5881.72,0.271926
4.84,25.4966,11.4569,0.00260816,14326.1,5875.89,0.256792
4.85,25.4966,11.4469,0.00257194,14326.4,5870.56,0.559122
4.86,25.4967,11.437,0.00256063,14326.3,5864.52,0.537161
4.87,25.4965,11.4269,0.00252927,14326.3,5859.1,0.318258
4.88,25.4966,11.4169,0.00251874,14326.5,5853.72,0.499218
4.89,25.4966,11.4069,0.00248824,14326.5,5848.14,0.374157
4.9,25.4966,11.3969,0.00257271,14326.6,5842.31,0.27776
4.91,25.4966,11.3869,0.00256341,14326.3,5836.69,0.485951
4.92,25.4966,11.3768,0.00253411,14326.5,5831.19,0.628103
4.93,25.4966,11.3669,0.00257,14326.3,5825.52,0.627838
4.94,25.4965,11.3569,0.00255736,14326.1,5819.46,0.637346
4.95,25.4965,11.3468,0.00256484,14326.2,5814.24,0.641718
4.96,25.4967,11.3369,0.00248138,14326.3,5808.59,0.418556
4.97,25.4966,11.3269,0.00252697,14326.1,5803.3,0.649111
4.98,25.4967,11.317,0.00252421,14326.5,5797.42,0.628587
4.99,25.4966,11.3069,0.00250977,14326.5,5791.83,0.472295
5,25.4966,11.2969,0.00251622,14326.1,5786.15,0.681388
5.01,25.4965,11.2869,0.00252745,14326.5,5780.78,0.0651139
5.02,25.4966,11.2769,0.00246211,14326.2,5774.72,0.595816
5.03,25.4964,11.2669,0.00260175,14326.3,5769.3,0.359478
5.04,25.4966,11.2569,0.00261744,14326.2,5763.81,0.421211
5.05,25.4965,11.247,0.00250278,14326.5,5758.35,0.476671
5.06,25.4966,11.237,0.00253305,14326.5,5752.55,0.501058
5.07,25.4966,11.2269,0.00250638,14326.5,5746.81,0.608213
5.08,25.4966,11.2169,0.00257062,14326.2,5741.22,0.250377
5.09,25.4965,11.2068,0.00252767,14326.7,5735.24,0.809878
5.1,25.4966,11.1969,0.00254947,14326.3,5730.11,0.456397
5.11,25.4966,11.1868,0.00256373,14326.3,5724.3,0.813637
5.12,25.4966,11.1769,0.00262034,14326.6,5718.84,0.255498
5.13,25.4965,11.1669,0.00259611,14326.6,5713.1,0.37046
5.14,25.4965,11.1568,0.00259392,14326.2,5707.38,0.351066
5.15,25.4966,11.147,0.00255946,14326.5,5702.03,0.277877
5.16,25.4965,11.1369,0.00254244,14326.5,5696.49,0.542593
5.17,25.4965,11.1269,0.00250853,14326.2,5690.36,0.509967
5.18,25.4966,11.1169,0.00260312,14326.3,5684.9,0.679094
5.19,25.4965,11.1069,0.00260803,14326.5,5679.14,0.498236
5.2,25.4965,11.0969,0.00258154,14326.2,5673.94,0.247388
5.21,25.4967,11.0868,0.00256579,14326.3,5668.06,0.263642
5.22,25.4965,11.0769,0.00245125,14326,5662.63,0.429686
5.23,25.4965,11.0669,0.00261742,14326.3,5657.06,0.762094
5.24,25.4966,11.0569,0.00254568,14326.3,5651.26,0.832778
5.25,25.4966,11.0468,0.00255474,14326.7,5645.66,0.515417
5.26,25.4966,11.0368,0.00266856,14326.2,5640.11,0.23269
5.27,25.4965,11.027,0.00249531,14326.5,5634.28,0.690427
5.28,25.4966,11.0168,0.00253989,14326.3,5628.78,0.409842
5.29,25.4965,11.0067,0.00247721,14326.1,5622.94,0.388189
5.3,25.4966,10.9968,0.00254509,14326.3,5617.78,0.5768
5.31,25.4966,10.9869,0.00262353,14326.7,5611.87,0.677225
5.32,25.4965,10.9768,0.00253594,14326.5,5606.38,0.335917
5.33,25.4964,10.9669,0.00263839,14326.4,5600.49,0.452719
5.34,25.4966,10.957,0.00254371,14326.3,5595.24,0.514918
5.35,25.4965,10.9468,0.00254002,14326.4,5589.39,0.525969
5.36,25.4965,10.9368,0.00251088,14326.4,5583.81,0.449105
5.37,25.4966,10.9269,0.00255928,14326.4,5578.22,0.487603
5.38,25.4964,10.9168,0.00249786,14326.2,5572.52,0.369632
5.39,25.4965,10.9068,0.00262361,14326.6,5567.03,0.786656
5.4,25.4965,10.8969,0.00257517,14326.3,5561.3,0.408497
5.41,25.4965,10.8869,0.00260601,14326.5,5555.66,0.671714
5.42,25.4965,10.8769,0.00254591,14326.6,5550.07,0.423692
5.43,25.4965,10.8668,0.0025827,14326.5,5544.77,0.416094
5.44,25.4965,10.8568,0.00259395,14326.2,5538.7,0.377948
5.45,25.4967,10.8469,0.00250156,14326.6,5533.09,0.369445
5.46,25.4965,10.8369,0.0026023,14326.4,5527.92,0.357247
5.47,25.4966,10.8268,0.0025626,14326.2,5521.98,0.536643
5.48,25.4965,10.8168,0.00249647,14326.3,5516.48,0.457091
5.49,25.4965,10.8068,0.00249571,14326.4,5510.71,0.779161
5.5,25.4966,10.7968,0.00256743,14326.1,5504.96,0.948813
5.51,25.4964,10.7869,0.0026218,14326.4,5499.68,0.364125
5.52,25.4965,10.7769,0.00258782,14326.3,5494.13,0.705724
5.53,25.4965,10.7668,0.00256514,14326.3,5488.21,0.572015
5.54,25.4965,10.7569,0.00250912,14326.3,5482.82,0.301137
5.55,25.4965,10.7468,0.00245988,14326.4,5476.98,0.508085
5.56,25.4965,10.7368,0.00257038,14326.3,5471.3,0.605718
5.57,25.4965,10.7268,0.00261833,14326.3,5465.86,0.654662
5.58,25.4966,10.7169,0.00257108,14326.3,5460.24,0.672448
5.59,25.4966,10.7068,0.00259328,14326.2,5454.68,0.733061
5.6,25.4965,10.6969,0.00249936,14326.3,5448.97,0.0640937
5.61,25.4965,10.6868,0.00250381,14326.3,5443.32,0.531449
5.62,25.4965,10.6768,0.00256403,14326.3,5438.01,0.272742
5.63,25.4965,10.6668,0.00253617,14326.3,5431.94,0.372501
5.64,25.4965,10.6568,0.00255731,14326.3,5426.5,0.482185
5.65,25.4964,10.6468,0.00247433,14326.5,5420.81,0.299876
5.66,25.4966,10.6368,0.0025094,14326.5,5415.28,0.532087
5.67,25.4966,10.6268,0.00258508,14326.5,5409.85,0.532928
5.68,25.4966,10.6167,0.00253399,14326.3,5404.16,0.680837
5.69,25.4965,10.6068,0.00248382,14326.3,5398.4,0.498667
5.7,25.4965,10.5968,0.00255956,14326.2,5392.72,0.43858
5.71,25.4966,10.5867,0.00269094,14326.3,5387.09,0.28186
5.72,25.4965,10.5768,0.00261306,14326.2,5381.64,0.610619
5.73,25.4965,10.5668,0.00252159,14326.4,5376.33,0.484536
5.74,25.4965,10.5568,0.00255303,14326.6,5370.34,0.295348
5.75,25.4965,10.5469,0.00248381,14326.4,5364.36,0.600295
5.76,25.4965,10.5368,0.00254554,14326.1,5359.06,0.400665
5.77,25.4965,10.5269,0.00247636,14326.4,5353.48,0.267947
5.78,25.4965,10.5168,0.00261527,14326.4,5347.6,0.521199
5.79,25.4965,10.5067,0.00252228,14326.4,5342.09,0.279742
5.8,25.4966,10.4968,0.00252823,14326.3,5336.3,0.0690422
5.81,25.4964,10.4869,0.00256242,14326.5,5331.23,0.381436
5.82,25.4965,10.4769,0.00264477,14326.2,5325.53,0.449437
5.83,25.4966,10.4668,0.00250359,14326.2,5319.73,0.390953
5.84,25.4965,10.4568,0.00245461,14326.2,5314.29,0.702234
5.85,25.4965,10.4467,0.00256363,14326.2,5308.58,0.601986
5.86,25.4965,10.4368,0.00262084,14326.2,5302.8,0.380066
5.87,25.4965,10.4269,0.00248154,14326.4,5297.38,0.731132
5.88,25.4965,10.4169,0.00261365,14326.2,5291.71,0.309577
5.89,25.4965,10.4067,0.00252932,14326.4,5285.86,0.764006
5.9,25.4964,10.3967,0.00255686,14326.4,5280.07,0.730982
5.91,25.4964,10.3868,0.00256094,14326.3,5275,0.499337
5.92,25.4964,10.3767,0.00245735,14326.2,5269.22,0.740463
5.93,25.4965,10.3668,0.00261137,14326.3,5263.78,0.427047
5.94,25.4966,10.3568,0.00256539,14326.4,5258.33,0.577292
5.95,25.4964,10.3467,0.00252726,14326.1,5252.34,0.467357
5.96,25.4964,10.3367,0.00254904,14326.3,5246.69,0.491389
5.97,25.4964,10.3269,0.00248545,14326.3,5241.15,0.516944
5.98,25.4964,10.3168,0.00256009,14326,5235.96,0.408816
5.99,25.4965,10.3068,0.00245244,14326.6,5230.02,0.47185
6,25.4965,10.2967,0.00259326,14326.2,5224.07,0.498769
6.01,25.4964,10.2869,0.00258483,14326.4,5218.54,0.595241
6.02,25.4965,10.2768,0.00254455,14326.4,5213,0.523529
6.03,25.4964,10.2668,0.00249652,14326.4,5207.26,0.374221
6.04,25.4964,10.2568,0.00252911,14326.5,5201.83,0.392949
6.05,25.4965,10.2468,0.00253883,14326.6,5196.33,0.79035
6.06,25.4965,10.2368,0.0025635,14325.9,5190.63,0.165845
6.07,25.4965,10.2268,0.00255417,14326.3,5185.02,0.178132
6.08,25.4965,10.2169,0.00255953,14326.4,5179.04,0.433606
6.09,25.4965,10.2068,0.00251468,14326.2,5173.74,0.595452
6.1,25.4965,10.1967,0.0024921,14326.4,5167.74,0.766261
6.11,25.4964,10.1867,0.00259063,14326.1,5162.36,0.528974
6.12,25.4964,10.1768,0.00261722,14326.2,5156.48,0.433785
6.13,25.4965,10.1669,0.00258658,14326.4,5150.91,0.515387
6.14,25.4966,10.1567,0.0025494,14326.3,5145.52,0.494932
6.15,25.4965,10.1467,0.00253528,14326.2,5139.78,0.411308
6.16,25.4964,10.1368,0.00255359,14326.1,5134.32,0.388294
6.17,25.4964,10.1267,0.00261286,14326.2,5128.62,0.592861
6.18,25.4965,10.1168,0.00261466,14326.1,5122.87,0.715818
6.19,25.4964,10.1068,0.00255688,14326.3,5117.72,0.345056
6.2,25.4964,10.0967,0.00248808,14326.1,5112.07,0.738498
6.21,25.4964,10.0867,0.0025693,14326.1,5106.34,0.455699
6.22,25.4965,10.0768,0.00252307,14326.1,5100.64,0.728276
6.23,25.4964,10.0667,0.00253206,14326.5,5095.2,0.648745
6.24,25.4965,10.0569,0.00248845,14326.3,5089.42,0.582758
6.25,25.4964,10.0467,0.00251744,14326.4,5083.56,0.427007
6.26,25.4964,10.0368,0.00262353,14326.4,5078.11,0.810198
6.27,25.4964,10.0267,0.00252711,14326.2,5072.43,0.704577
6.28,25.4964,10.0167,0.0024884,14326.3,5067.15,0.693246
6.29,25.4964,10.0068,0.0024529,14326.2,5061.4,0.732508
6.3,25.4964,9.99669,0.00260714,14326.2,5055.63,0.570536
6.31,25.4965,9.98675,0.0025096,14326.6,5049.97,0.47853
6.32,25.4966,9.97681,0.00261406,14325.9,5044.25,0.155943
6.33,25.4965,9.96675,0.00256946,14326.6,5038.68,0.695286
6.34,25.4964,9.95674,0.00249893,14326.2,5033.13,0.292357
6.35,25.4964,9.94682,0.00253434,14326.2,5027.32,0.637671
6.36,25.4965,9.93671,0.00247897,14326,5022,0.621255
6.37,25.4965,9.92675,0.00261904,14326.2,5016.3,0.400075
6.38,25.4964,9.91681,0.00256352,14326.2,5010.61,0.507956
6.39,25.4964,9.90679,0.00253031,14326.2,5005.02,0.369469
6.4,25.4965,9.89681,0.00245478,14326.2,4999.57,0.405306
6.41,25.4965,9.88665,0.00247459,14326.5,4993.96,0.417288
6.42,25.4964,9.87679,0.0025259,14326.1,4988.16,0.587035
6.43,25.4964,9.86683,0.00258579,14326.2,4982.46,0.62347
6.44,25.4965,9.85671,0.00256043,14326.4,4976.99,0.608557
6.45,25.4964,9.84684,0.00252386,14326.3,4971.33,0.596418
6.46,25.4964,9.8367,0.00254447,14326.2,4965.72,0.559753
6.47,25.4964,9.8268,0.0025949,14326.2,4960.01,0.27698
6.48,25.4965,9.81673,0.00252435,14326.2,4954.33,0.391716
6.49,25.4964,9.80671,0.00263578,14326.2,4948.67,0.487289
6.5,25.4964,9.79666,0.00257372,14326.5,4943.44,0.214119
6.51,25.4965,9.78677,0.00252048,14326.1,4937.56,0.347349
6.52,25.4964,9.77678,0.00256811,14326.4,4932.23,0.543367
6.53,25.4965,9.76672,0.00257704,14326,4926.32,0.690308
6.54,25.4965,9.7568,0.00257736,14326.5,4920.8,0.530209
6.55,25.4964,9.74669,0.00249295,14326.2,4915.3,0.223178
6.56,25.4964,9.73677,0.00255214,14326.3,4909.72,0.541303
6.57,25.4964,9.72682,0.00259316,14326,4904.01,0.47202
6.58,25.4964,9.71675,0.00253207,14326.4,4898.46,0.486757
6.59,25.4965,9.70669,0.00268289,14326.5,4892.46,0.624639
6.6,25.4964,9.69674,0.00254453,14326.4,4886.92,0.593727
6.61,25.4964,9.68674,0.00253867,14326.4,4881.28,0.773929
6.62,25.4964,9.67676,0.00254204,14326,4875.7,0.276962
6.63,25.4964,9.66675,0.00257615,14326.2,4870.3,0.486395
6.64,25.4964,9.65685,0.00260156,14326.2,4864.57,0.667126
6.65,25.4964,9.64668,0.00247247,14326.2,4858.94,0.519552
6.66,25.4964,9.63681,0.00261287,14326.5,4853.36,0.219832
6.67,25.4964,9.62676,0.00245862,14326.3,4847.54,0.456932
6.68,25.4963,9.6168,0.00262642,14326.3,4842.26,0.414367
6.69,25.4964,9.60676,0.00256691,14326.5,4836.36,0.576151
6.7,25.4965,9.59668,0.0025123,14326.1,4830.87,0.520562
6.71,25.4964,9.58673,0.00255379,14326.3,4825.22,0.330583
6.72,25.4964,9.57672,0.0025564,14326.3,4819.9,0.889883
6.73,25.4963,9.56663,0.00249691,14326.2,4814.09,0.498629
6.74,25.4964,9.55672,0.00260178,14326.5,4808.47,0.863147
6.75,25.4965,9.54671,0.00246167,14326.5,4803.02,0.329296
6.76,25.4964,9.53674,0.00249603,14326.3,4796.96,0.797575
6.77,25.4965,9.52669,0.00252381,14326.2,4791.65,0.638323
6.78,25.4964,9.51668,0.00259536,14326.2,4785.82,0.486844
6.79,25.4964,9.5067,0.00257237,14326.3,4780,0.575625
6.8,25.4964,9.49662,0.00252753,14326.4,4774.6,0.11915
6.81,25.4964,9.48677,0.0024925,14326.6,4769.05,0.471278
6.82,25.4964,9.47673,0.00260853,14326.5,4763.44,0.489275
6.83,25.4964,9.46672,0.00261281,14326.2,4758.04,0.0652672
6.84,25.4963,9.45669,0.0026235,14326.6,4752.21,0.673102
6.85,25.4965,9.44669,0.00249113,14326.3,4746.35,0.67923
6.86,25.4964,9.43672,0.00263588,14326.3,4740.75,0.515781
6.87,25.4965,9.42672,0.00250227,14326.4,4735.24,0.548063
6.88,25.4964,9.41673,0.00259247,14326.2,4729.98,0.353292
6.89,25.4963,9.4067,0.00253765,14326.4,4723.83,0.427514
6.9,25.4964,9.39671,0.00254986,14326.1,4718.22,0.373093
6.91,25.4964,9.38667,0.00257211,14326.1,4712.88,0.949496
6.92,25.4964,9.3768,0.00252106,14326.3,4707.36,0.704632
6.93,25.4964,9.36671,0.00251062,14326.2,4701.85,0.306293
6.94,25.4965,9.35668,0.00262829,14325.8,4695.83,0.477922
6.95,25.4964,9.34667,0.00252248,14326.2,4690.15,0.494424
6.96,25.4964,9.3367,0.00259648,14326.3,4684.49,0.652289
6.97,25.4964,9.3268,0.00252955,14326.6,4679.04,0.752138
6.98,25.4964,9.31666,0.00254498,14326.3,4673.62,0.523063
6.99,25.4963,9.30669,0.00253109,14326.1,4668,0.337126
7,25.4964,9.29675,0.00261172,14326.4,4662.6,0.531163
7.01,25.4964,9.28672,0.00253432,14326.6,4656.37,0.380303
7.02,25.4965,9.2767,0.00263737,14326.3,4651.41,0.466271
7.03,25.4964,9.26669,0.00247364,14326.1,4645.5,0.477568
7.04,25.4963,9.25666,0.00253016,14326.1,4639.23,0.630896
7.05,25.4964,9.24664,0.00252807,14326.3,4634.33,0.403514
7.06,25.4963,9.23664,0.00257517,14326.2,4628.56,0.404718
7.07,25.4964,9.22667,0.00255986,14326,4622.78,0.607521
7.08,25.4963,9.21665,0.00257725,14326.1,4617.62,0.484868
7.09,25.4964,9.20672,0.00251603,14326.2,4611.84,0.759524
7.1,25.4963,9.19667,0.00266057,14326.2,4606.18,0.539492
7.11,25.4965,9.1867,0.00257381,14326.3,4600.16,0.69788
7.12,25.4964,9.17662,0.00252911,14326.3,4595.15,0.311673
7.13,25.4964,9.16662,0.00265543,14326,4589.24,0.796872
7.14,25.4963,9.15662,0.00250344,14326.2,4583.67,0.400862
7.15,25.4965,9.14668,0.00258159,14326.4,4577.89,0.466188
7.16,25.4963,9.13674,0.00254088,14326.2,4572.29,0.742215
7.17,25.4964,9.12673,0.00255713,14326.2,4567,0.439809
7.18,25.4963,9.11663,0.00255578,14326.2,4561.18,0.502413
7.19,25.4963,9.10665,0.0025238,14326.4,4555.67,0.653597
7.2,25.4964,9.09674,0.00256907,14326.3,4549.64,0.653923
7.21,25.4963,9.08667,0.00261654,14326,4544.5,0.504497
7.22,25.4963,9.07673,0.00262778,14326.2,4538.54,0.649853
7.23,25.4964,9.06672,0.00256357,14325.9,4532.91,0.891002
7.24,25.4964,9.05663,0.00258069,14326.3,4527.29,0.558493
7.25,25.4963,9.04662,0.00254289,14326,4521.57,0.425696
7.26,25.4964,9.03659,0.00253896,14326.5,4516.07,0.341125
7.27,25.4964,9.02661,0.00257873,14326.4,4510.72,0.505325
7.28,25.4963,9.01661,0.00251545,14326.5,4504.98,0.803587
7.29,25.4963,9.00659,0.0025446,14326.3,4499.27,0.252376
7.3,25.4963,8.99668,0.00263716,14326.1,4493.77,0.418362
7.31,25.4964,8.98669,0.00255391,14326.3,4488.25,0.527358
7.32,25.4962,8.97669,0.00246628,14326.5,4482.23,0.547352
7.33,25.4963,8.96666,0.00251682,14326.3,4476.81,0.346401
7.34,25.4963,8.95673,0.00269241,14326.3,4471.1,0.286183
7.35,25.4963,8.94667,0.00249644,14326.3,4465.69,0.406165
7.36,25.4964,8.93655,0.00256132,14325.9,4459.64,0.531034
7.37,25.4964,8.92666,0.0025047,14326.2,4454.17,0.604209
7.38,25.4963,8.91663,0.0025124,14326.2,4448.59,0.426629
7.39,25.4963,8.90672,0.00255777,14326.3,4443.19,0.443366
7.4,25.4963,8.89672,0.00257208,14326.3,4437.51,0.146797
7.41,25.4963,8.88673,0.00240085,14326.2,4431.93,0.684461
7.42,25.4964,8.87673,0.00258894,14326.1,4426.07,0.601033
7.43,25.4963,8.86658,0.00252405,14326.5,4420.72,0.703782
7.44,25.4962,8.85664,0.00254511,14326.2,4415.12,0.398677
7.45,25.4963,8.84669,0.0025525,14325.9,4409.23,0.289186
7.46,25.4963,8.83668,0.00252627,14326.2,4403.56,0.52356
7.47,25.4963,8.82663,0.00254546,14326.3,4398.27,0.228462
7.48,25.4963,8.81664,0.0025821,14326.3,4392.78,0.540546
7.49,25.4963,8.80658,0.00248893,14326.1,4387.1,0.79897
7.5,25.4964,8.79661,0.00261117,14326.1,4381.11,0.507119
7.51,25.4963,8.78667,0.00255801,14325.7,4376,0.828466
7.52,25.4963,8.77677,0.00253881,14326.5,4369.8,0.412256
7.53,25.4964,8.76659,0.00249418,14326.6,4364.43,0.631181
7.54,25.4963,8.7566,0.00244302,14326,4359.09,0.512138
7.55,25.4963,8.74668,0.00260487,14326,4353.01,0.379429
7.56,25.4963,8.73662,0.00250878,14326.2,4347.53,0.447269
7.57,25.4962,8.72659,0.00252662,14326.4,4341.88,0.540396
7.58,25.4963,8.71667,0.00256108,14326.1,4336.34,0.464604
7.59,25.4963,8.70661,0.00260529,14326.4,4330.73,0.793495
7.6,25.4964,8.69661,0.00252062,14326.3,4325.05,0.24254
7.61,25.4963,8.68662,0.00254976,14326.2,4319.38,0.412594
7.62,25.4963,8.67673,0.00248543,14326.2,4313.47,0.272414
7.63,25.4963,8.66659,0.00249006,14326.1,4308.16,0.665854
7.64,25.4964,8.65668,0.00248079,14326,4302.81,0.648667
7.65,25.4962,8.6466,0.00264698,14326.4,4297.1,0.419532
7.66,25.4964,8.6367,0.00246921,14325.9,4291.45,0.43351
7.67,25.4963,8.62663,0.00256629,14326.3,4285.86,0.458334
7.68,25.4963,8.61668,0.00249797,14325.9,4280.35,0.457619
7.69,25.4963,8.60667,0.00258669,14326.4,4274.78,0.545491
7.7,25.4963,8.5966,0.00255208,14325.9,4268.75,0.584233
7.71,25.4964,8.58663,0.0025204,14326,4263.28,0.296336
7.72,25.4963,8.57656,0.00257121,14326.3,4257.82,0.701931
7.73,25.4963,8.56662,0.0024452,14326,4251.72,0.500051
7.74,25.4963,8.55652,0.00247678,14326.2,4246.38,0.649856
7.75,25.4963,8.54668,0.00263161,14326.2,4241.04,0.433472
7.76,25.4964,8.53659,0.00256749,14326.3,4234.95,0.53905
7.77,25.4962,8.52667,0.00258759,14326.1,4229.26,0.501215
7.78,25.4963,8.51659,0.002514,14326.4,4223.67,0.743976
7.79,25.4964,8.50658,0.00245352,14326.4,4218.41,0.350614
7.8,25.4964,8.49658,0.00259051,14326.3,4212.64,0.379373
7.81,25.4964,8.48656,0.00256909,14326.1,4206.78,0.496201
7.82,25.4963,8.47651,0.00243399,14326.3,4201.5,0.689585
7.83,25.4962,8.46658,0.00259596,14326.1,4195.85,0.562149
7.84,25.4963,8.45659,0.00257035,14326.1,4190.29,0.42307
7.85,25.4963,8.44659,0.00255066,14326.4,4184.68,0.513302
7.86,25.4964,8.43669,0.00246744,14326.1,4178.82,0.746607
7.87,25.4963,8.42666,0.00257003,14326.1,4173.08,0.352892
7.88,25.4963,8.41659,0.00255408,14326.4,4167.73,0.371519
7.89,25.4963,8.40659,0.00260308,14326.4,4162.03,0.466072
7.9,25.4963,8.39662,0.00251692,14326.2,4156.67,0.667516
7.91,25.4963,8.38661,0.00258665,14326.2,4150.98,0.424431
7.92,25.4963,8.37655,0.00256916,14326,4145.35,0.379665
7.93,25.4962,8.36653,0.00261626,14326.3,4139.58,0.621862
7.94,25.4962,8.35664,0.00259644,14326.1,4134.11,0.405845
7.95,25.4963,8.34657,0.00249369,14325.9,4128.35,0.424074
7.96,25.4963,8.33661,0.00248579,14326.2,4123.03,0.515228
7.97,25.4963,8.32659,0.00241183,14326.4,4117.11,0.761152
7.98,25.4964,8.31656,0.00257412,14326.1,4111.3,0.81307
7.99,25.4963,8.30656,0.00263156,14326.3,4106.06,0.292771
8,25.4963,8.29662,0.00257279,14325.6,4100.04,0.676782
8.01,25.4962,8.2866,0.00249206,14326.3,4094.7,0.391986
8.02,25.4963,8.2766,0.00258764,14326.3,4089.16,0.528097
8.03,25.4964,8.26654,0.0025776,14326.4,4083.57,0.703354
8.04,25.4962,8.2566,0.00242378,14326.2,4078.05,0.650961
8.05,25.4963,8.24656,0.00248348,14326.3,4072.33,0.496527
8.06,25.4962,8.23651,0.00257106,14326.1,4066.47,0.124935
8.07,25.4962,8.22659,0.00249922,14326.6,4060.85,0.530773
8.08,25.4962,8.21656,0.00257531,14326.2,4055.31,0.631863
8.09,25.4962,8.20661,0.0025618,14326.2,4049.81,0.492761
8.1,25.4963,8.19661,0.00257267,14325.9,4044.25,0.318559
8.11,25.4963,8.18652,0.00263419,14326.3,4038.24,0.400147
8.12,25.4963,8.17655,0.00256191,14326.2,4033.21,0.386546
8.13,25.4961,8.16655,0.0025839,14326.1,4027.21,0.41651
8.14,25.4963,8.15652,0.00255029,14326.5,4022.24,0.414033
8.15,25.4963,8.14649,0.00255927,14326.3,4015.87,0.256863
8.16,25.4963,8.13657,0.00259416,14326.4,4010.26,0.654185
8.17,25.4963,8.12656,0.00258763,14326.1,4004.58,0.545272
8.18,25.4963,8.11654,0.00256892,14326,3998.99,0.450338
8.19,25.4963,8.10658,0.00251499,14326.2,3993.61,0.447343
8.2,25.4962,8.09662,0.0026378,14326.1,3987.81,0.740494
8.21,25.4964,8.08666,0.00258345,14326.3,3982.36,0.379715
8.22,25.4962,8.07661,0.00255798,14326.3,3976.48,0.366491
8.23,25.4963,8.06661,0.00257339,14326.3,3971.15,0.514988
8.24,25.4963,8.05662,0.00255662,14326.2,3965.69,0.487571
8.25,25.4964,8.04654,0.00252801,14326.2,3959.77,0.508442
8.26,25.4962,8.03648,0.00256133,14326.6,3954.23,0.37844
8.27,25.4962,8.02654,0.00254455,14326.1,3948.66,0.528941
8.28,25.4962,8.01655,0.00259961,14326.3,3943.21,0.184192
8.29,25.4963,8.00655,0.00252041,14326.1,3937.46,0.259654
8.3,25.4962,7.99661,0.00254559,14326.3,3931.81,0.535666
8.31,25.4962,7.98654,0.00254589,14326,3926.06,0.545859
8.32,25.4962,7.9765,0.00259226,14326.1,3920.49,0.545438
8.33,25.4961,7.96651,0.00255512,14326.1,3914.85,0.44606
8.34,25.4962,7.95658,0.00263583,14326.3,3908.97,0.516152
8.35,25.4963,7.94654,0.00268725,14326,3903.76,0.588625
8.36,25.4963,7.93664,0.00254743,14326.2,3897.9,0.680976
8.37,25.4961,7.92657,0.00262859,14326,3892.33,0.506824
8.38,25.4963,7.91653,0.00246002,14326.1,3886.37,0.323826
8.39,25.4962,7.9065,0.0025375,14326,3881.46,0.522905
8.4,25.4962,7.89652,0.00258958,14326.2,3875.27,0.382851
8.41,25.4963,7.88653,0.00252676,14325.9,3869.84,0.419814
8.42,25.4962,7.87654,0.00249024,14326.4,3864.26,0.639553
8.43,25.4962,7.8666,0.00255943,14326.2,3858.63,0.7106
8.44,25.4962,7.85651,0.00253288,14326.1,3852.97,0.725686
8.45,25.4962,7.84649,0.00258011,14326.2,3847.16,0.268983
8.46,25.4962,7.8366,0.00255293,14326.2,3841.71,0.678956
8.47,25.4962,7.82656,0.002448,14326.7,3836.1,0.707587
8.48,25.4962,7.81655,0.00257524,14326.2,3830.45,0.589816
8.49,25.4962,7.80651,0.002525,14325.8,3824.68,0.604836
8.5,25.4962,7.79659,0.00245657,14326.6,3819.47,0.351426
8.51,25.4962,7.78648,0.00256407,14326.5,3813.77,0.378349
8.52,25.4962,7.77656,0.00259939,14326.3,3808.17,0.744225
8.53,25.4961,7.76655,0.00251296,14326.1,3802.68,0.509424
8.54,25.4962,7.75656,0.00258853,14326.4,3796.87,0.389217
8.55,25.4963,7.74657,0.00260567,14326.2,3791.35,0.740874
8.56,25.4962,7.73663,0.00262126,14326.1,3785.25,0.188654
8.57,25.4961,7.72657,0.00252947,14326.2,3779.93,0.78574
8.58,25.4962,7.71652,0.00252557,14326.1,3774.56,0.383901
8.59,25.4962,7.70652,0.002515,14326.3,3769.07,0.681162
8.6,25.4962,7.69656,0.00250684,14326.3,3763.05,0.712448
8.61,25.4962,7.68652,0.00256206,14326,3757.58,0.419859
8.62,25.4962,7.67652,0.00254042,14326.1,3751.73,0.626199
8.63,25.4963,7.66655,0.00258737,14326.3,3746.32,0.595827
8.64,25.4963,7.65655,0.00256323,14326.2,3740.66,0.482673
8.65,25.4963,7.64648,0.00257438,14325.9,3735.33,0.753135
8.66,25.4962,7.63656,0.0026217,14326.1,3729.26,0.410141
8.67,25.4962,7.62641,0.00255591,14326.2,3724.01,0.76355
8.68,25.4962,7.61651,0.00251965,14326.4,3718.21,0.577505
8.69,25.4962,7.60648,0.00262927,14326.2,3712.9,0.422552
8.7,25.4962,7.59646,0.00259437,14326.4,3707.11,0.408302
8.71,25.4962,7.58648,0.0025069,14326.1,3701.18,0.661933
8.72,25.4963,7.57656,0.00251442,14326.2,3696.01,0.593029
8.73,25.4962,7.56647,0.00259264,14326.2,3690.08,0.411865
8.74,25.4961,7.55651,0.0025627,14326.1,3684.44,0.572139
8.75,25.4962,7.54648,0.00251342,14325.9,3678.89,0.351017
8.76,25.4962,7.53656,0.00258943,14326.4,3673.16,0.662671
8.77,25.4962,7.52644,0.00251271,14326,3667.44,0.829815
8.78,25.4962,7.51649,0.00245186,14326.1,3662.29,0.244742
8.79,25.4962,7.50644,0.00253124,14326.2,3656.38,0.463653
8.8,25.4962,7.4965,0.00255874,14326.1,3651.1,0.501575
8.81,25.4962,7.48652,0.00257659,14326.4,3645.34,0.387627
8.82,25.4961,7.47656,0.00258445,14326.1,3639.48,0.442081
8.83,25.4962,7.46656,0.00250062,14326.4,3633.88,0.481638
8.84,25.4962,7.45647,0.00254507,14326,3628.63,0.399594
8.85,25.4963,7.44649,0.00256635,14325.9,3622.55,0.590839
8.86,25.4962,7.43652,0.00248082,14326,3617,0.462871
8.87,25.4962,7.42648,0.00251913,14326.2,3611.41,0.58384
8.88,25.4961,7.41648,0.00248712,14326,3605.68,0.648217
8.89,25.4961,7.40645,0.00256862,14326.1,3599.94,0.398618
8.9,25.4961,7.39648,0.00250995,14326,3594.56,0.556731
8.91,25.4962,7.38653,0.0025087,14326.2,3589.1,0.567741
8.92,25.4961,7.37651,0.00251708,14326.1,3583.09,0.756603
8.93,25.4962,7.36647,0.00253761,14325.9,3577.74,0.436119
8.94,25.4962,7.35655,0.00258839,14326.1,3572.12,0.395096
8.95,25.4962,7.34641,0.00255891,14326.5,3566.55,0.752376
8.96,25.4962,7.33652,0.0025918,14325.9,3561.12,0.509909
8.97,25.4961,7.32648,0.00251421,14326.2,3555.28,0.572178
8.98,25.4962,7.31652,0.0025521,14326.3,3549.61,0.391806
8.99,25.4961,7.30647,0.00260655,14326.1,3543.97,0.482945
9,25.4962,7.29655,0.00250519,14326,3538.44,0.320029
9.01,25.4962,7.28648,0.00248954,14326.3,3532.73,0.453567
9.02,25.4961,7.27655,0.00256108,14326.1,3527.14,0.636738
9.03,25.4962,7.26646,0.00256778,14326.2,3521.3,0.357165
9.04,25.4962,7.2565,0.00256285,14326.2,3515.79,0.308412
9.05,25.4961,7.24641,0.00255074,14326.1,3510.17,0.504711
9.06,25.4961,7.2365,0.00257872,14326.3,3504.86,0.62114
9.07,25.4962,7.22656,0.00263173,14326,3499.13,0.638946
9.08,25.4961,7.21651,0.0025572,14326.2,3493.47,0.222239
9.09,25.4962,7.20658,0.00253353,14326.3,3487.95,0.429193
9.1,25.4962,7.19647,0.00246046,14325.9,3482.33,0.566349
9.11,25.4962,7.18644,0.0025734,14326.2,3476.61,0.491848
9.12,25.4962,7.1765,0.0025381,14326.2,3470.77,0.302755
9.13,25.4961,7.1665,0.00251271,14326.5,3465.44,0.902093
9.14,25.4962,7.15644,0.00257232,14326.4,3459.63,0.470247
9.15,25.4961,7.14653,0.00245687,14326.1,3454.31,0.295771
9.16,25.4962,7.13645,0.00258993,14326,3448.67,0.553524
9.17,25.4962,7.12651,0.0025376,14326,3442.8,0.487688
9.18,25.4962,7.11646,0.00260549,14326.2,3437.2,0.339319
9.19,25.4961,7.10643,0.00256519,14326.3,3431.73,0.575013
9.2,25.4962,7.09642,0.00262469,14326.2,3426.38,0.47524
9.21,25.4961,7.0865,0.00257262,14326.1,3420.14,0.631222
9.22,25.4961,7.07646,0.00254614,14326.1,3414.73,0.6729
9.23,25.4962,7.06654,0.00259742,14326.1,3409.09,0.551997
9.24,25.4961,7.05654,0.00243993,14326.1,3403.53,0.650537
9.25,25.4961,7.04644,0.00259003,14326.2,3397.95,0.447466
9.26,25.4961,7.03646,0.0025943,14326,3392.49,0.299436
9.27,25.4961,7.02645,0.00251876,14325.8,3386.47,0.564997
9.28,25.4962,7.01658,0.00254177,14326.2,3380.97,0.439164
9.29,25.4961,7.00642,0.00259602,14326.1,3375.43,0.711754
9.3,25.4961,6.99645,0.00252762,14326.3,3370.08,0.501271
9.31,25.4961,6.98644,0.00253498,14326.2,3364.18,0.337514
9.32,25.4962,6.97644,0.00260531,14325.9,3358.71,0.449173
9.33,25.4961,6.96645,0.00260606,14326,3352.83,0.565292
9.34,25.4961,6.95645,0.00249025,14326,3347.24,0.54702
9.35,25.4963,6.94651,0.00242932,14326.2,3341.95,0.447924
9.36,25.4962,6.93643,0.00260314,14326.1,3336.17,0.61408
9.37,25.4962,6.92641,0.00258257,14326.2,3330.45,0.845642
9.38,25.4962,6.91648,0.00248657,14326,3324.93,0.580697
9.39,25.4962,6.90641,0.00256814,14326.1,3319.06,0.530582
9.4,25.4962,6.89636,0.00257865,14326.1,3313.54,0.484267
9.41,25.4961,6.88643,0.00258861,14326.3,3308.04,0.245311
9.42,25.4961,6.87649,0.00264149,14326.1,3302.18,0.556131
9.43,25.4962,6.86651,0.00255167,14326,3296.56,0.393176
9.44,25.4961,6.85642,0.00256823,14326.4,3291.1,0.23271
9.45,25.4961,6.84649,0.00245302,14326.5,3285.59,0.742772
9.46,25.4961,6.83637,0.00263905,14326.1,3279.91,0.536355
9.47,25.496,6.82639,0.00263724,14326.1,3274.78,0.253095
9.48,25.4962,6.81647,0.00257919,14326.2,3268.66,0.0249377
9.49,25.4961,6.80642,0.00256026,14325.9,3263.06,0.652235
9.5,25.4961,6.79647,0.00257579,14326.2,3257.58,1.10433
9.51,25.4962,6.78645,0.00258291,14326.2,3251.67,0.502625
9.52,25.4961,6.77645,0.00256072,14326.1,3246.16,0.485995
9.53,25.4961,6.76645,0.00247019,14326,3240.56,0.32648
9.54,25.4961,6.75646,0.00262214,14325.8,3234.86,0.470873
9.55,25.4961,6.74647,0.00256201,14326,3229.16,0.402807
9.56,25.4961,6.73644,0.00265418,14326.2,3223.75,0.141094
9.57,25.4961,6.7264,0.00252036,14325.8,3218.35,0.378524
9.58,25.4961,6.71634,0.00261215,14326,3212.52,0.387668
9.59,25.4961,6.70633,0.00258097,14326.1,3206.75,0.633916
9.6,25.4961,6.69645,0.00250218,14326,3201.61,0.597244
9.61,25.4961,6.68641,0.00249374,14326.1,3195.43,0.568739
9.62,25.4961,6.67635,0.00260966,14326,3189.93,0.476844
9.63,25.4961,6.66645,0.00253469,14326.4,3184.15,0.501005
9.64,25.4961,6.65641,0.00254764,14326.1,3178.57,0.535105
9.65,25.496,6.64643,0.00259387,14326,3172.75,0.375848
9.66,25.4961,6.63638,0.00250205,14326.4,3167.25,0.463579
9.67,25.4961,6.6264,0.00262038,14325.8,3161.9,0.729105
9.68,25.496,6.61654,0.00256013,14326,3156.39,0.321445
9.69,25.496,6.60644,0.00250512,14326.1,3150.72,0.52798
9.7,25.496,6.59651,0.00252438,14326.1,3144.86,0.483377
9.71,25.4961,6.5864,0.00251171,14326,3139.33,0.523694
9.72,25.4961,6.57645,0.00265405,14326.4,3133.72,0.780595
9.73,25.496,6.56647,0.00260633,14325.6,3127.95,0.397615
9.74,25.4961,6.55631,0.00263613,14326.2,3122.49,0.513115
9.75,25.4962,6.5464,0.00253824,14326.3,3116.78,0.570094
9.76,25.496,6.53637,0.00257468,14326.3,3111.38,0.568289
9.77,25.4961,6.5265,0.0024992,14326.1,3105.5,0.333355
9.78,25.4961,6.51648,0.00261526,14325.7,3099.8,0.598922
9.79,25.4961,6.50635,0.00253234,14326.2,3094.16,0.633581
9.8,25.496,6.49647,0.00255365,14326.2,3088.86,0.701472
9.81,25.4961,6.48646,0.00248581,14326,3083.03,0.562403
9.82,25.4961,6.4765,0.00254343,14326.3,3077.52,0.62854
9.83,25.4961,6.46646,0.00251122,14326.1,3071.75,0.469323
9.84,25.4961,6.45638,0.00252289,14326.4,3066.62,0.286947
9.85,25.4961,6.44638,0.00253952,14326.1,3060.8,0.327035
9.86,25.4962,6.43642,0.00253064,14326.3,3055.19,0.387927
9.87,25.496,6.42637,0.00256301,14326.3,3049.69,0.510047
9.88,25.4961,6.41645,0.00259965,14326.2,3043.9,0.52024
9.89,25.4961,6.40649,0.00258364,14326.3,3038.15,0.512123
9.9,25.4961,6.39646,0.00256371,14326,3032.52,0.685687
9.91,25.496,6.38639,0.0025782,14326.4,3027.02,0.479814
9.92,25.4961,6.37636,0.00260733,14326.1,3021.2,0.504024
9.93,25.4961,6.36631,0.00250465,14326.1,3015.89,0.417235
9.94,25.4961,6.3563,0.00250885,14326,3010.33,0.734662
9.95,25.4961,6.3464,0.00253964,14326.5,3004.58,0.726331
9.96,25.4961,6.33641,0.00255712,14326,2998.77,0.35495
9.97,25.4962,6.3262,0.00263521,14326,2993.11,0.552061
9.98,25.4961,6.31646,0.00251501,14326.1,2987.79,0.530426
9.99,25.496,6.30645,0.00253687,14326.4,2982.22,0.497435
10,25.4961,6.29645,0.00251564,14325.8,2976.62,0.520207
